domain,sentiment_mean,sentiment_std,subjectivity_mean,subjectivity_std,counting
zdnet.co.kr,0.020182291666666664,0.11786068172165033,0.34461016414141415,0.058528228445010766,4.0
www.ohmynews.com,0.13702380952380955,0.11599918386607891,0.3822619047619048,0.07929697474734851,2.0
chunchu.tistory.com,0.0,1.0,0.0,1.0,1.0
www.khan.co.kr,0.0,1.0,0.0,1.0,1.0
