week,sentiment_mean,sentiment_std,subjectivity_mean,subjectivity_std,counting
2026-15,0.7071067811865474,1.0,-0.7071067811865476,1.0,1.0
2026-16,-0.029902440113660306,0.2544204707127519,-0.1955260987486751,0.9112281761419164,2.0
2026-17,-0.9694597706765884,0.37102315586594176,0.10297014945523775,0.8543782181208183,2.0
2026-18,0.2738812390521319,1.0,-0.08588728792301792,1.0,1.0
2026-19,0.5581863824890908,0.8620339036063025,1.0046698669651037,0.5971454888783837,2.0
